id,indices,language
1,"[4, 5]",tr
2,[-1],tr
3,"[7, 8]",tr
4,"[2, 6]",tr
5,[-1],tr
6,"[0, 1]",tr
7,[-1],tr
8,[-1],tr
9,"[4, 10]",tr
10,[-1],tr
11,"[3, 4]",tr
12,"[3, 4]",tr
13,"[1, 2]",tr
14,[-1],tr
15,"[0, 1]",tr
16,[-1],tr
17,"[5, 6]",tr
18,"[1, 3]",tr
19,[-1],tr
20,[-1],tr
21,"[4, 5]",tr
22,[-1],tr
23,[-1],tr
24,"[3, 5]",tr
25,"[1, 2]",tr
26,[-1],tr
27,"[0, 1]",tr
28,[-1],tr
29,[-1],tr
30,"[2, 3]",tr
31,[-1],tr
32,"[9, 10]",tr
33,[-1],tr
34,[-1],tr
35,[-1],tr
36,"[2, 4]",tr
37,"[6, 7]",tr
38,[-1],tr
39,"[4, 5]",tr
40,[-1],tr
41,[-1],tr
42,"[1, 2]",tr
43,[-1],tr
44,"[5, 6]",tr
45,[-1],tr
46,[-1],tr
47,[-1],tr
48,[-1],tr
49,[-1],tr
50,[-1],tr
51,[-1],tr
52,[-1],tr
53,[4],tr
54,[-1],tr
55,[4],tr
56,[-1],tr
57,"[3, 5]",tr
58,"[2, 3]",tr
59,[-1],tr
60,[-1],tr
61,"[2, 3]",tr
62,"[4, 5]",tr
63,[-1],tr
64,[-1],tr
65,[-1],tr
66,[-1],tr
67,"[2, 3]",tr
68,[-1],tr
69,"[6, 7]",tr
70,"[5, 7]",tr
71,[-1],tr
72,"[8, 9]",tr
73,"[3, 5]",tr
74,[-1],tr
75,"[0, 1]",tr
76,[-1],tr
77,[-1],tr
78,[-1],tr
79,[-1],tr
80,"[2, 3]",tr
81,[-1],tr
82,"[0, 1]",tr
83,"[4, 5]",tr
84,"[4, 5]",tr
85,"[5, 6]",tr
86,[-1],tr
87,[-1],tr
88,"[0, 1]",tr
89,"[5, 6]",tr
90,[-1],tr
91,[-1],tr
92,"[3, 4]",tr
93,[-1],tr
94,"[2, 3]",tr
95,[-1],tr
96,"[0, 1]",tr
97,[-1],tr
98,"[0, 2]",tr
99,[-1],tr
100,[-1],tr
101,"[0, 1]",tr
102,[-1],tr
103,"[0, 1]",tr
104,[-1],tr
105,[-1],tr
106,"[2, 3]",tr
107,"[2, 3]",tr
108,"[2, 3]",tr
109,[-1],tr
110,[-1],tr
111,"[4, 5]",tr
112,[-1],tr
113,"[3, 6]",tr
114,[-1],tr
115,[-1],tr
116,"[8, 9]",tr
117,"[0, 1]",tr
118,"[8, 9]",tr
119,[-1],tr
120,"[3, 4]",tr
121,[-1],tr
122,[-1],tr
123,[-1],tr
124,[-1],tr
125,"[4, 5]",tr
126,"[2, 3]",tr
127,"[4, 5]",tr
128,"[6, 7]",tr
129,[-1],tr
130,[-1],tr
131,"[5, 6]",tr
132,"[5, 6]",tr
133,[-1],tr
134,[-1],tr
135,[-1],tr
136,[-1],tr
137,[-1],tr
138,[-1],tr
139,[-1],tr
140,[-1],tr
141,"[3, 9]",tr
142,"[14, 15]",tr
143,[-1],tr
144,[-1],tr
145,[-1],tr
146,[-1],tr
147,[4],tr
148,"[3, 4]",tr
149,[-1],tr
150,"[5, 6]",tr
151,[7],tr
152,"[3, 4]",tr
153,"[10, 11]",tr
154,[-1],tr
155,[-1],tr
156,[-1],tr
157,[-1],tr
158,[-1],tr
159,"[4, 5]",tr
160,"[2, 3]",tr
161,[-1],tr
162,"[0, 2]",tr
163,"[2, 3]",tr
164,[-1],tr
165,"[5, 6]",tr
166,[-1],tr
167,[-1],tr
168,"[1, 3]",tr
169,"[4, 5]",tr
170,"[2, 3]",tr
171,"[6, 7]",tr
172,[-1],tr
173,[-1],tr
174,"[3, 4]",tr
175,[-1],tr
176,[-1],tr
177,[-1],tr
178,[-1],tr
179,"[2, 4]",tr
180,[-1],tr
181,"[3, 4]",tr
182,"[0, 1]",tr
183,"[1, 2]",tr
184,[-1],tr
185,"[3, 4]",tr
186,"[3, 4]",tr
187,[-1],tr
188,[-1],tr
189,[-1],tr
190,"[8, 9]",tr
191,[-1],tr
192,[-1],tr
193,[-1],tr
194,[-1],tr
195,"[1, 2]",tr
196,"[4, 5]",tr
197,[-1],tr
198,[-1],tr
199,"[3, 4]",tr
200,[-1],tr
201,"[1, 2]",tr
202,"[3, 4]",tr
203,"[6, 7]",tr
204,"[3, 4]",tr
205,"[0, 1]",tr
206,"[2, 4]",tr
207,"[1, 3]",tr
208,[-1],tr
209,"[2, 5]",tr
210,[-1],tr
211,[-1],tr
212,"[4, 5]",tr
213,[-1],tr
214,[-1],tr
215,"[2, 3]",tr
216,"[2, 4]",tr
217,[6],tr
218,[-1],tr
219,"[2, 3]",tr
220,"[8, 9]",tr
221,"[4, 5]",tr
222,[-1],tr
223,"[0, 1, 8, 9]",tr
224,"[5, 6]",tr
225,"[3, 5]",tr
226,"[0, 1]",tr
227,"[5, 6]",tr
228,"[5, 6]",tr
229,[-1],tr
230,"[4, 5]",tr
231,[-1],tr
232,"[2, 3]",tr
233,[-1],tr
234,[5],tr
235,[-1],tr
236,"[3, 4]",tr
237,"[1, 4]",tr
238,[-1],tr
239,[-1],tr
240,[-1],tr
241,"[2, 3]",tr
242,[-1],tr
243,"[4, 5]",tr
244,"[0, 1]",tr
245,"[4, 5]",tr
246,[-1],tr
247,[-1],tr
248,[9],tr
249,[-1],tr
250,[-1],tr
251,[-1],tr
252,[-1],tr
253,[-1],tr
254,"[0, 1]",tr
255,"[3, 5]",tr
256,"[0, 1]",tr
257,[-1],tr
258,[-1],tr
259,"[6, 7]",tr
260,[-1],tr
261,[-1],tr
262,[-1],tr
263,[-1],tr
264,[-1],tr
265,[-1],tr
266,"[3, 4]",tr
267,[-1],tr
268,[6],tr
269,"[0, 1]",tr
270,"[4, 5]",tr
271,"[0, 1]",tr
272,"[2, 3]",tr
273,[-1],tr
274,"[5, 7]",tr
275,[-1],tr
276,[-1],tr
277,[-1],tr
278,[-1],tr
279,"[10, 11]",tr
280,"[1, 2]",tr
281,[-1],tr
282,"[3, 4]",tr
283,[-1],tr
284,[-1],tr
285,[-1],tr
286,"[0, 2]",tr
287,"[2, 3]",tr
288,"[3, 7]",tr
289,[-1],tr
290,[-1],tr
291,[-1],tr
292,"[4, 6]",tr
293,"[5, 6]",tr
294,[-1],tr
295,[-1],tr
296,[-1],tr
297,[-1],tr
298,"[1, 2]",tr
299,[-1],tr
300,"[1, 6]",tr
301,[-1],tr
302,"[0, 1]",tr
303,"[7, 8]",tr
304,"[4, 5]",tr
305,[-1],tr
306,[-1],tr
307,"[1, 3]",tr
308,"[2, 3]",tr
309,[-1],tr
310,"[0, 1]",tr
311,[-1],tr
312,[-1],tr
313,[-1],tr
314,"[0, 1]",tr
315,"[10, 11]",tr
316,"[9, 10]",tr
317,[-1],tr
318,"[3, 4]",tr
319,[-1],tr
320,"[2, 3]",tr
321,"[5, 6]",tr
322,"[4, 5]",tr
323,[-1],tr
324,"[4, 5]",tr
325,"[3, 4]",tr
326,[-1],tr
327,"[6, 7]",tr
328,"[6, 7]",tr
329,"[3, 4]",tr
330,[-1],tr
331,"[0, 1]",tr
332,[-1],tr
333,"[2, 3]",tr
334,"[2, 3]",tr
335,"[1, 2]",tr
336,[-1],tr
337,[-1],tr
338,"[5, 6]",tr
339,[-1],tr
340,"[4, 6]",tr
341,"[0, 1]",tr
342,"[0, 1]",tr
343,[-1],tr
344,"[2, 4]",tr
345,[-1],tr
346,[-1],tr
347,[-1],tr
348,[-1],tr
349,"[4, 6]",tr
350,[-1],tr
351,[-1],tr
352,[-1],tr
353,[-1],tr
354,[-1],tr
355,[-1],tr
356,[-1],tr
357,"[4, 5]",tr
358,"[6, 7]",tr
359,[-1],tr
360,"[4, 5]",tr
361,"[4, 5]",tr
362,[-1],tr
363,"[7, 8]",tr
364,[-1],tr
365,[-1],tr
366,[-1],tr
367,[-1],tr
368,"[3, 4]",tr
369,"[6, 7]",tr
370,"[2, 4]",tr
371,[-1],tr
372,"[1, 2]",tr
373,[-1],tr
374,"[0, 1]",tr
375,"[6, 7]",tr
376,"[0, 2]",tr
377,"[3, 5]",tr
378,"[3, 4]",tr
379,[-1],tr
380,"[3, 4]",tr
381,[-1],tr
382,[-1],tr
383,"[0, 1]",tr
384,"[0, 3]",tr
385,[-1],tr
386,[-1],tr
387,[-1],tr
388,"[3, 4]",tr
389,"[1, 2]",tr
390,"[2, 4]",tr
391,"[2, 3]",tr
392,"[6, 7]",tr
393,"[5, 6]",tr
394,[-1],tr
395,[-1],tr
396,[-1],tr
397,[-1],tr
398,"[10, 11]",tr
399,[-1],tr
400,[-1],tr
401,[-1],tr
402,[-1],tr
403,[-1],tr
404,[-1],tr
405,[-1],tr
406,"[2, 3]",tr
407,"[0, 1]",tr
408,"[4, 6]",tr
409,"[0, 2]",tr
410,[-1],tr
411,[-1],tr
412,[-1],tr
413,"[2, 3]",tr
414,[-1],tr
415,[8],tr
416,[-1],tr
417,"[4, 5]",tr
418,"[6, 7]",tr
419,[-1],tr
420,[-1],tr
421,[-1],tr
422,[-1],tr
423,[-1],tr
424,[-1],tr
425,[-1],tr
426,"[0, 1]",tr
427,"[10, 11]",tr
428,"[5, 6]",tr
429,[-1],tr
430,"[4, 5]",tr
431,[-1],tr
432,"[5, 6]",tr
433,[-1],tr
434,[-1],tr
435,[-1],tr
436,[-1],tr
437,[-1],tr
438,[-1],tr
439,"[4, 5]",tr
440,"[7, 9]",tr
441,"[0, 1]",tr
442,[-1],tr
443,[-1],tr
444,[-1],tr
445,[-1],tr
446,[-1],tr
447,"[7, 8]",tr
448,"[2, 3]",tr
449,[-1],tr
450,[10],tr
451,"[4, 5]",tr
452,[-1],tr
453,[-1],tr
454,[-1],tr
455,"[5, 6]",tr
456,"[7, 8]",tr
457,[-1],tr
458,"[2, 5]",tr
459,"[0, 1]",tr
460,[-1],tr
461,[-1],tr
462,"[2, 3]",tr
463,[-1],tr
464,[-1],tr
465,[-1],tr
466,"[0, 1]",tr
467,[-1],tr
468,[-1],tr
469,"[3, 4]",tr
470,[-1],tr
471,"[0, 2]",tr
472,"[0, 1]",tr
473,[-1],tr
474,"[0, 1]",tr
475,"[0, 1]",tr
476,"[1, 2]",tr
477,"[0, 1]",tr
478,"[0, 1]",tr
479,"[0, 1]",tr
480,[6],tr
481,"[6, 7]",tr
482,[-1],tr
483,[-1],tr
484,[-1],tr
485,"[2, 4]",tr
486,[-1],tr
487,"[3, 5]",tr
488,"[10, 11]",tr
489,[-1],tr
490,[-1],tr
491,[-1],tr
492,[-1],tr
493,"[4, 5]",tr
494,"[4, 5]",tr
495,[-1],tr
496,"[1, 2]",tr
497,"[6, 9]",tr
498,"[6, 7]",tr
499,[-1],tr
500,"[3, 4]",tr
501,[-1],tr
502,"[1, 2]",tr
503,[-1],tr
504,[-1],tr
505,[-1],tr
506,[-1],tr
507,[-1],tr
508,[-1],tr
509,"[2, 3]",tr
510,"[1, 2]",tr
511,[-1],tr
512,"[2, 3]",tr
513,"[0, 1]",tr
514,"[6, 7]",tr
515,"[0, 2]",tr
516,[-1],tr
517,[-1],tr
518,"[1, 2]",tr
519,[-1],tr
520,"[6, 7]",tr
521,[-1],tr
522,"[0, 2]",tr
523,"[6, 7]",tr
524,[-1],tr
525,[-1],tr
526,"[4, 5]",tr
527,[-1],tr
528,[-1],tr
529,"[5, 6]",tr
530,"[6, 7]",tr
531,"[6, 7]",tr
532,[-1],tr
533,[-1],tr
534,"[7, 11]",tr
535,"[2, 3]",tr
536,"[5, 6]",tr
537,[-1],tr
538,[-1],tr
539,"[3, 4]",tr
540,[-1],tr
541,[-1],tr
542,[-1],tr
543,[-1],tr
544,[-1],tr
545,"[4, 5]",tr
546,"[0, 1]",tr
547,"[2, 5]",tr
548,[-1],tr
549,[-1],tr
550,"[4, 5]",tr
551,[5],tr
552,"[6, 7]",tr
553,[-1],tr
554,[-1],tr
555,[-1],tr
556,"[4, 5]",tr
557,[-1],tr
558,"[2, 3]",tr
559,[-1],tr
560,"[0, 1]",tr
561,[-1],tr
562,"[2, 3]",tr
563,"[12, 13]",tr
564,[-1],tr
565,"[2, 3]",tr
566,[-1],tr
567,[-1],tr
568,[-1],tr
569,[-1],tr
570,[-1],tr
571,[-1],tr
572,"[3, 4]",tr
573,"[0, 1]",tr
574,"[2, 3]",tr
575,"[0, 1]",tr
576,"[0, 1]",tr
577,[-1],tr
578,"[1, 2]",tr
579,[-1],tr
580,[-1],tr
581,"[4, 5]",tr
582,[-1],tr
583,[-1],tr
584,"[2, 3]",tr
585,[-1],tr
586,"[4, 5]",tr
587,[-1],tr
588,[-1],tr
589,"[4, 5]",tr
590,[-1],tr
591,[-1],tr
592,"[5, 6]",tr
593,[-1],tr
594,"[0, 1]",tr
595,[-1],tr
596,[-1],tr
597,"[5, 6]",tr
598,"[6, 7]",tr
599,"[4, 5]",tr
600,"[3, 5]",tr
601,"[6, 7]",tr
602,[-1],tr
603,[-1],tr
604,"[1, 3]",tr
605,"[1, 2]",tr
606,[-1],tr
607,"[3, 5]",tr
608,[-1],tr
609,[-1],tr
610,[-1],tr
611,"[0, 1]",tr
612,"[3, 4]",tr
613,"[4, 5]",tr
614,"[0, 2]",tr
615,"[7, 8]",tr
616,[-1],tr
617,"[0, 1]",tr
618,"[3, 4]",tr
619,[-1],tr
620,"[3, 4]",tr
621,[-1],tr
622,[-1],tr
623,[-1],tr
624,[-1],tr
625,"[4, 5]",tr
626,[-1],tr
627,"[2, 3]",tr
628,"[3, 5]",tr
629,[-1],tr
630,[-1],tr
631,[-1],tr
632,[-1],tr
633,[-1],tr
634,[-1],tr
635,[-1],tr
636,[-1],tr
637,[-1],tr
638,[-1],tr
639,[-1],tr
640,[-1],tr
641,[-1],tr
642,"[8, 9]",tr
643,[-1],tr
644,"[4, 6]",tr
645,"[5, 6]",tr
646,[-1],tr
647,[-1],tr
648,[-1],tr
649,[-1],tr
650,[-1],tr
651,"[4, 5]",tr
652,[-1],tr
653,[-1],tr
654,[-1],tr
655,[-1],tr
656,[-1],tr
657,[-1],tr
658,[-1],tr
659,[-1],tr
660,"[4, 5]",tr
661,[-1],tr
662,"[0, 2]",tr
663,[-1],tr
664,"[6, 7]",tr
665,"[7, 8]",tr
666,"[3, 5]",tr
667,[-1],tr
668,[-1],tr
669,[-1],tr
670,"[1, 2]",tr
671,[-1],tr
672,"[3, 4]",tr
673,[-1],tr
674,[-1],tr
675,"[0, 1]",tr
676,"[1, 3]",tr
677,[-1],tr
678,[-1],tr
679,[-1],tr
680,[-1],tr
681,[-1],tr
682,[-1],tr
683,"[2, 3]",tr
684,"[0, 1]",tr
685,"[1, 2]",tr
686,"[6, 7]",tr
687,"[7, 8]",it
688,"[3, 4, 5, 6, 7]",it
689,[-1],it
690,"[7, 9]",it
691,"[3, 4, 6]",it
692,[-1],it
693,"[3, 4, 5]",it
694,"[11, 12]",it
695,"[2, 5, 6]",it
696,"[8, 10, 11]",it
697,"[3, 4, 5]",it
698,[-1],it
699,[-1],it
700,"[16, 17, 18, 20]",it
701,[-1],it
702,[-1],it
703,"[9, 10, 11]",it
704,[11],it
705,[-1],it
706,"[8, 9]",it
707,[-1],it
708,"[8, 9, 10]",it
709,[-1],it
710,"[3, 4, 5, 6]",it
711,"[4, 5, 6]",it
712,"[0, 1, 5, 7]",it
713,[-1],it
714,"[2, 3]",it
715,[-1],it
716,"[2, 4]",it
717,"[1, 2]",it
718,"[1, 3]",it
719,[-1],it
720,[-1],it
721,"[5, 7]",it
722,"[6, 7]",it
723,[-1],it
724,[-1],it
725,[-1],it
726,[-1],it
727,"[3, 4, 5]",it
728,"[2, 7, 8, 9]",it
729,"[4, 5]",it
730,[-1],it
731,"[2, 3, 4]",it
732,"[10, 11]",it
733,[-1],it
734,[-1],it
735,[-1],it
736,"[2, 3, 4]",it
737,[-1],it
738,"[0, 1, 3]",it
739,[-1],it
740,"[6, 8]",it
741,"[3, 4, 5, 6]",it
742,"[11, 12]",it
743,"[3, 4, 5, 6]",it
744,[4],it
745,[-1],it
746,[-1],it
747,"[3, 5]",it
748,[-1],it
749,"[6, 7, 8]",it
750,"[6, 8]",it
751,[-1],it
752,"[3, 4]",it
753,[-1],it
754,"[7, 9, 10, 11]",it
755,"[1, 3]",it
756,[-1],it
757,"[1, 2, 3, 4]",it
758,"[9, 12]",it
759,[-1],it
760,"[7, 8, 10]",it
761,"[5, 6, 7, 8]",it
762,[-1],it
763,"[0, 1, 2, 3]",it
764,"[5, 8, 9]",it
765,[-1],it
766,[-1],it
767,"[7, 8, 10]",it
768,"[4, 5, 7]",it
769,[-1],it
770,[-1],it
771,[-1],it
772,"[5, 6, 7]",it
773,[-1],it
774,"[1, 3, 4, 5]",it
775,[-1],it
776,"[3, 5, 6]",it
777,[-1],it
778,"[2, 3, 4, 5, 6]",it
779,"[4, 5]",it
780,[-1],it
781,"[2, 3, 4]",it
782,[-1],it
783,"[5, 6, 7, 8]",it
784,[-1],it
785,"[11, 12, 13]",it
786,"[1, 2, 3]",it
787,"[1, 2, 3]",it
788,[-1],it
789,[-1],it
790,[-1],it
791,[-1],it
792,"[6, 8, 9]",it
793,[-1],it
794,"[5, 6]",it
795,[5],it
796,[-1],it
797,"[2, 4]",it
798,"[1, 3, 4, 5]",it
799,[-1],it
800,"[10, 13]",it
801,[-1],it
802,[-1],it
803,"[0, 1, 2]",it
804,"[0, 1, 2]",it
805,"[5, 6, 7]",it
806,[-1],it
807,"[1, 2, 3, 4]",it
808,[-1],it
809,[-1],it
810,"[1, 2, 3]",it
811,[9],it
812,"[0, 1]",it
813,[-1],it
814,"[6, 7]",it
815,[-1],it
816,[-1],it
817,"[3, 4, 5, 6, 7]",it
818,"[7, 8, 9, 12]",it
819,[-1],it
820,[-1],it
821,[-1],it
822,[-1],it
823,[-1],it
824,"[0, 1]",it
825,[-1],it
826,[-1],it
827,[-1],it
828,"[2, 3, 4, 5]",it
829,[-1],it
830,"[7, 9, 10]",it
831,"[1, 2]",it
832,"[5, 6, 7]",it
833,[-1],it
834,[-1],it
835,"[1, 2]",it
836,"[1, 2]",it
837,"[9, 11, 12, 13]",it
838,[-1],it
839,"[2, 5, 6]",it
840,[-1],it
841,[-1],it
842,[20],it
843,"[9, 10, 11]",it
844,[9],it
845,"[0, 1, 3]",it
846,"[1, 2]",it
847,[-1],it
848,"[4, 5, 6]",it
849,"[1, 2]",it
850,"[7, 9, 10]",it
851,[11],it
852,"[4, 5, 6]",it
853,"[0, 1, 2]",it
854,[11],it
855,[-1],it
856,"[2, 5, 6]",it
857,[-1],it
858,[-1],it
859,[-1],it
860,"[4, 6]",it
861,"[8, 9, 10, 11]",it
862,"[0, 1, 2, 3]",it
863,[-1],it
864,"[6, 7, 8]",it
865,"[5, 8, 9]",it
866,[-1],it
867,"[2, 3, 4, 6]",it
868,"[6, 9, 10]",it
869,"[8, 9, 10]",it
870,"[9, 10]",it
871,[-1],it
872,"[3, 4, 5]",it
873,[9],it
874,"[12, 15]",it
875,[-1],it
876,[-1],it
877,"[1, 2, 3]",it
878,[-1],it
879,[-1],it
880,"[6, 8, 9, 10]",it
881,"[2, 3]",it
882,"[0, 1, 2, 3, 4]",it
883,[-1],it
884,"[6, 7]",it
885,"[11, 12]",it
886,[-1],it
887,"[3, 4, 5, 6, 7]",it
888,[-1],it
889,"[0, 3, 4, 5, 6]",it
890,"[8, 10, 11, 13]",it
891,"[15, 16, 17, 18]",it
892,[15],it
893,"[6, 8, 9, 10]",it
894,"[1, 2, 5, 7]",it
895,[-1],it
896,"[5, 6, 7, 8, 9]",it
897,[-1],it
898,"[2, 3, 4]",it
899,"[2, 4]",it
900,"[1, 2, 3]",it
901,[-1],it
902,[-1],it
903,[-1],it
904,[-1],it
905,"[5, 6, 7, 8]",it
906,[-1],it
907,[-1],it
908,"[2, 3, 4]",it
909,[-1],it
910,"[7, 9, 10, 11]",it
911,[-1],it
912,"[0, 1, 2]",it
913,"[0, 3, 4, 5]",it
914,"[7, 11, 12, 13]",it
915,"[3, 4]",it
916,"[5, 8]",it
917,"[0, 1, 2]",it
918,"[7, 8, 9]",it
919,"[1, 2]",it
920,"[5, 6, 7, 8]",it
921,[9],it
922,[-1],it
923,"[2, 4, 5, 6]",it
924,"[4, 7, 8, 9]",it
925,"[0, 1, 2, 4]",it
926,"[0, 1, 2]",it
927,[-1],it
928,"[2, 3]",it
929,"[1, 2, 3, 5]",it
930,"[3, 4]",it
931,[-1],it
932,"[2, 4]",it
933,"[2, 3]",it
934,"[11, 12, 13]",it
935,[-1],it
936,[-1],it
937,"[8, 9]",it
938,"[0, 1, 3]",it
939,"[8, 9, 10, 11, 12]",it
940,"[0, 1]",it
941,"[1, 3, 4, 5]",it
942,"[2, 5, 6]",it
943,"[2, 3, 4]",it
944,"[1, 2, 4]",it
945,"[2, 4]",it
946,"[0, 1, 2]",it
947,"[3, 4, 5, 6, 7]",it
948,[-1],it
949,[-1],it
950,[-1],it
951,"[1, 4, 5]",it
952,[-1],it
953,[-1],it
954,"[7, 8, 9, 10, 11]",it
955,"[0, 1, 2]",it
956,[-1],it
957,"[0, 1, 2, 3, 4]",it
958,[3],it
959,"[4, 5]",it
960,"[9, 10]",it
961,"[7, 8, 9]",it
962,"[0, 1, 2]",it
963,"[1, 3, 6]",it
964,"[7, 11, 12]",it
965,[14],it
966,"[3, 6, 7]",it
967,"[4, 5, 6, 7, 8]",it
968,"[2, 3, 5]",it
969,[-1],it
970,"[8, 10, 11, 12, 13]",it
971,"[7, 8, 9, 11]",it
972,"[3, 4, 5]",it
973,[-1],it
974,"[0, 1, 2, 3]",it
975,"[2, 5, 6]",it
976,"[0, 2]",it
977,[-1],it
978,"[2, 3, 5]",it
979,[-1],it
980,"[3, 4, 5]",it
981,"[2, 3, 4, 5, 6]",it
982,"[0, 1, 2]",it
983,[-1],it
984,"[0, 1, 2]",it
985,[-1],it
986,"[0, 1, 5, 7]",it
987,"[1, 2, 3, 4]",it
988,"[1, 2, 5, 7]",it
989,"[1, 2, 3]",it
990,"[2, 3, 4, 5, 6]",it
991,[-1],it
992,[-1],it
993,[-1],it
994,[-1],it
995,"[2, 4]",it
996,"[4, 5, 6, 8]",it
997,[-1],it
998,"[1, 3, 4]",it
999,[-1],it
1000,"[3, 5]",it
1001,[-1],it
1002,[-1],it
1003,[-1],it
1004,"[2, 3]",it
1005,[-1],it
1006,[-1],it
1007,[-1],it
1008,[-1],it
1009,[3],it
1010,"[6, 7]",it
1011,"[5, 6, 7, 8]",it
1012,"[7, 8, 9]",it
1013,"[6, 8, 10, 11, 12]",it
1014,"[11, 12, 13]",it
1015,"[1, 2, 3]",it
1016,[-1],it
1017,"[3, 4, 5, 6]",it
1018,[-1],it
1019,"[3, 5]",it
1020,[-1],it
1021,[7],it
1022,"[3, 4, 5, 6, 7]",it
1023,"[3, 4, 5, 6]",it
1024,"[6, 7, 8, 9, 10]",it
1025,[-1],it
1026,[-1],it
1027,[13],it
1028,[-1],it
1029,"[1, 4, 5]",it
1030,"[9, 10, 11]",it
1031,"[4, 5, 6]",it
1032,"[1, 2]",it
1033,"[0, 1, 2, 4]",it
1034,"[3, 4, 5, 6, 7]",it
1035,[-1],it
1036,"[12, 13, 14]",it
1037,[12],it
1038,[-1],it
1039,"[4, 5, 7]",it
1040,"[2, 3, 4]",it
1041,"[0, 1, 3]",it
1042,[-1],it
1043,"[4, 5]",it
1044,"[1, 2, 3, 4, 5]",it
1045,"[2, 4]",it
1046,"[2, 3, 4]",it
1047,"[6, 7, 8, 9]",it
1048,"[0, 1, 2, 3, 4]",it
1049,"[4, 5, 6, 7]",it
1050,[-1],it
1051,[-1],it
1052,"[3, 4, 5]",it
1053,"[0, 1, 2, 3]",it
1054,[-1],it
1055,[-1],it
1056,"[0, 5, 6, 7]",it
1057,"[2, 3, 4]",it
1058,[-1],it
1059,"[4, 5, 6, 7]",it
1060,"[8, 9, 10]",it
1061,[-1],it
1062,"[3, 4, 5]",it
1063,"[2, 3]",it
1064,[-1],it
1065,"[2, 3, 4]",it
1066,[-1],it
1067,"[0, 3, 4, 5]",it
1068,[-1],it
1069,[-1],it
1070,[-1],it
1071,"[2, 5, 6]",it
1072,[-1],it
1073,[-1],it
1074,"[8, 9, 12]",it
1075,"[7, 8, 9]",it
1076,"[5, 6]",it
1077,"[0, 1]",it
1078,"[6, 7, 8]",it
1079,[-1],it
1080,[-1],it
1081,"[18, 19]",it
1082,[-1],it
1083,[-1],it
1084,[-1],it
1085,"[6, 8]",it
1086,[-1],it
1087,[-1],it
1088,"[8, 9, 10]",it
1089,[-1],it
1090,"[3, 4]",it
1091,[-1],it
1092,"[3, 5, 6, 7]",it
1093,[12],it
1094,[-1],it
1095,[-1],it
1096,[-1],it
1097,"[2, 3, 4]",it
1098,"[9, 10, 11, 12]",it
1099,"[2, 4, 6]",it
1100,"[3, 5]",it
1101,"[2, 4]",it
1102,[-1],it
1103,[-1],it
1104,"[2, 4]",it
1105,[-1],it
1106,"[7, 8, 9]",it
1107,[-1],it
1108,"[6, 8, 9]",it
1109,"[1, 3, 5]",it
1110,"[4, 5, 6, 7, 8]",it
1111,[9],it
1112,"[8, 10]",it
1113,"[0, 1, 2, 3, 5]",it
1114,"[5, 6, 7, 9]",it
1115,"[9, 11]",it
1116,"[4, 7, 8]",it
1117,[-1],it
1118,[-1],it
1119,[-1],it
1120,[-1],it
1121,"[0, 1, 2]",it
1122,[-1],it
1123,[-1],it
1124,[-1],it
1125,"[3, 4, 5, 6]",it
1126,"[10, 11]",it
1127,[-1],it
1128,[-1],it
1129,[-1],it
1130,"[1, 2, 3]",it
1131,"[9, 10]",it
1132,[-1],it
1133,[-1],it
1134,"[5, 7, 8, 9]",it
1135,"[4, 5, 6, 7]",it
1136,[-1],it
1137,[11],it
1138,"[8, 9]",it
1139,"[0, 2]",it
1140,"[4, 6, 7]",it
1141,[-1],it
1142,[-1],it
1143,[-1],it
1144,[-1],it
1145,[-1],it
1146,[-1],it
1147,"[6, 7, 8, 9]",it
1148,[-1],it
1149,"[7, 8, 10]",it
1150,"[8, 9, 10, 11]",it
1151,"[10, 13]",it
1152,"[0, 2, 3, 4]",it
1153,[-1],it
1154,"[7, 8]",it
1155,"[5, 7]",it
1156,[-1],it
1157,[-1],it
1158,"[2, 3, 4]",it
1159,[-1],it
1160,"[2, 3]",it
1161,"[3, 4, 5, 6, 7]",it
1162,[-1],it
1163,"[2, 3, 4, 5]",it
1164,[-1],it
1165,"[1, 5, 6, 7, 8]",it
1166,"[4, 6]",it
1167,[-1],it
1168,[-1],it
1169,"[6, 7, 8]",it
1170,[-1],it
1171,[-1],it
1172,"[7, 9]",it
1173,"[4, 6, 7, 8]",it
1174,"[11, 12]",it
1175,[-1],it
1176,"[2, 5, 6, 7]",it
1177,[-1],it
1178,"[0, 1, 2, 3, 4]",it
1179,"[8, 12, 13]",it
1180,"[4, 5, 6]",it
1181,[-1],it
1182,"[4, 5, 6]",it
1183,"[1, 4, 5]",it
1184,"[3, 4, 5, 6]",it
1185,"[1, 4, 5]",it
1186,"[0, 1, 3]",it
1187,[10],it
1188,[-1],it
1189,"[7, 8, 9, 10]",it
1190,[-1],it
1191,"[0, 2]",it
1192,"[5, 7]",it
1193,[-1],it
1194,"[9, 11, 12, 13]",it
1195,[-1],it
1196,[-1],it
1197,[-1],it
1198,[11],it
1199,[-1],it
1200,[-1],it
1201,"[5, 6, 7, 8]",it
1202,"[0, 2, 3, 4]",it
1203,[4],it
1204,[-1],it
1205,"[4, 5]",it
1206,"[3, 5, 6, 7]",it
1207,"[1, 4, 5]",it
1208,[-1],it
1209,[-1],it
1210,[-1],it
1211,"[4, 6]",it
1212,[-1],it
1213,"[5, 6, 7]",it
1214,"[5, 6, 7]",it
1215,[-1],it
1216,"[2, 3, 4]",it
1217,[-1],it
1218,"[4, 5]",it
1219,[-1],it
1220,"[2, 6, 7, 8]",it
1221,"[1, 3]",it
1222,"[1, 5, 6]",it
1223,[-1],it
1224,"[6, 8]",it
1225,"[4, 5, 6]",it
1226,"[1, 2, 4]",it
1227,"[1, 3, 4, 5]",it
1228,[-1],it
1229,"[3, 5]",it
1230,[-1],it
1231,"[9, 10]",it
1232,[-1],it
1233,[-1],it
1234,[-1],it
1235,"[2, 7, 8]",it
1236,"[5, 6, 7, 8]",it
1237,[-1],it
1238,"[0, 1, 2]",it
1239,[-1],it
1240,[-1],it
1241,[-1],it
1242,"[5, 6]",it
1243,"[0, 1]",it
1244,[-1],it
1245,"[13, 14]",it
1246,"[1, 3, 4, 5, 6]",it
1247,[-1],it
1248,[-1],it
1249,"[1, 2, 3]",it
1250,[-1],it
1251,"[5, 6, 7]",it
1252,[-1],it
1253,[-1],it
1254,[-1],it
1255,"[0, 1, 2, 3]",it
1256,[-1],it
1257,"[1, 2, 3, 5]",it
1258,[-1],it
1259,"[2, 4]",it
1260,"[0, 1, 2]",it
1261,"[11, 12, 13]",it
1262,"[1, 2]",it
1263,"[1, 2]",it
1264,[-1],it
1265,[-1],it
1266,[12],it
1267,[-1],it
1268,"[10, 11]",it
1269,[-1],it
1270,"[0, 5, 6, 7]",it
1271,[-1],it
1272,"[0, 1]",it
1273,[-1],it
1274,[-1],it
1275,"[0, 1, 2]",it
1276,"[1, 4, 5]",it
1277,[-1],it
1278,"[5, 6, 7, 8, 9]",it
1279,[-1],it
1280,[-1],it
1281,[-1],it
1282,[-1],it
1283,"[13, 14, 15]",it
1284,[-1],it
1285,"[2, 3, 7, 9]",it
1286,[-1],it
1287,"[1, 5, 6]",it
1288,"[5, 6, 7]",it
1289,[-1],it
1290,[-1],it
1291,"[3, 4, 5]",it
1292,"[2, 3, 4, 5, 6]",it
1293,[-1],it
1294,[-1],it
1295,"[5, 6]",it
1296,[-1],it
1297,[-1],it
1298,[-1],it
1299,"[3, 4, 5]",it
1300,[-1],it
1301,[-1],it
1302,"[1, 2, 3, 4]",it
1303,"[2, 3, 4]",it
1304,[16],it
1305,[-1],it
1306,[-1],it
1307,"[0, 4, 5, 6]",it
1308,"[1, 2, 3]",it
1309,[-1],it
1310,"[12, 13, 14]",it
1311,[-1],it
1312,"[12, 13, 14]",it
1313,"[2, 3, 4, 5]",it
1314,"[1, 2, 3]",it
1315,"[0, 1]",it
1316,[-1],it
1317,"[6, 7]",it
1318,[-1],it
1319,"[7, 8]",it
1320,"[2, 4, 5]",it
1321,"[8, 10, 11, 12]",it
1322,"[5, 6]",it
1323,[-1],it
1324,[-1],it
1325,"[8, 9]",it
1326,[-1],it
1327,"[4, 5, 6]",it
1328,"[1, 2, 3]",it
1329,[9],it
1330,"[0, 1, 2, 3]",it
1331,"[4, 5]",it
1332,[-1],it
1333,"[3, 5]",it
1334,[-1],it
1335,[-1],it
1336,[-1],it
1337,[-1],it
1338,"[4, 5]",it
1339,"[1, 4, 5, 6]",it
1340,[-1],it
1341,"[3, 9, 10, 11]",it
1342,"[10, 13, 14]",it
1343,"[4, 5, 6, 7, 8]",it
1344,[-1],it
1345,"[6, 7, 8]",it
1346,"[0, 1]",it
1347,"[5, 6, 7]",it
1348,[-1],it
1349,"[0, 1, 2]",it
1350,"[8, 10, 11, 12]",it
1351,"[6, 7, 8]",it
1352,[-1],it
1353,[-1],it
1354,"[6, 8, 9]",it
1355,"[5, 6, 7]",it
1356,"[1, 2, 3]",it
1357,"[2, 3]",it
1358,"[0, 2, 3, 4]",it
1359,"[1, 2, 4]",it
1360,"[4, 5, 6]",it
1361,[-1],it
1362,"[0, 2, 3, 4]",it
1363,"[6, 7]",it
1364,"[0, 1, 2, 3]",it
1365,"[0, 1, 2]",it
1366,"[4, 5]",it
1367,"[3, 5, 6, 7]",it
1368,"[2, 3, 4]",it
1369,[-1],it
1370,"[6, 8]",it
1371,"[4, 5, 6, 7, 8]",it
1372,[-1],it
1373,[-1],it
1374,"[0, 7, 8, 9]",it
1375,"[5, 6]",it
1376,"[11, 12, 13, 14]",it
1377,"[2, 3]",it
1378,[-1],it
1379,[-1],it
1380,[-1],it
1381,[-1],it
1382,[-1],it
1383,"[5, 6, 7]",it
1384,"[2, 3, 4]",it
1385,[-1],it
1386,"[0, 1, 2]",it
1387,[-1],it
1388,[-1],it
1389,"[14, 15, 16]",it
1390,[-1],it
1391,"[3, 4]",it
1392,[-1],it
1393,"[2, 4, 5, 6]",it
1394,[-1],it
1395,[-1],it
1396,"[0, 1, 2, 3]",it
1397,[9],it
1398,[-1],it
1399,"[2, 5]",it
1400,[-1],it
1401,"[1, 2, 5, 7]",it
1402,"[1, 2, 3, 4, 5]",it
1403,"[3, 5, 6, 7]",it
1404,[-1],it
1405,"[11, 12, 13]",it
1406,"[2, 3]",it
1407,[-1],it
1408,[-1],it
1409,"[7, 8]",it
1410,"[2, 3, 4]",it
1411,[-1],it
1412,[-1],it
1413,[-1],it
1414,[-1],it
1415,"[4, 6]",it
1416,[-1],it
1417,[-1],it
1418,[-1],it
1419,"[3, 4, 5]",it
1420,"[12, 13, 14, 15]",it
1421,"[14, 15, 16]",it
1422,[-1],it
1423,[-1],it
1424,"[3, 4]",it
1425,"[3, 5, 6, 7]",it
1426,"[4, 6]",it
1427,[-1],it
1428,"[4, 5, 6]",it
1429,[-1],it
1430,"[5, 6, 7, 8]",it
1431,"[1, 2, 4]",it
1432,"[1, 2, 3, 4, 5]",it
1433,"[3, 5]",it
1434,"[1, 3, 4, 5]",it
1435,"[1, 2, 4]",it
